Customer_ID,Gender,Age,Size,Category,Purchase_Amount_USD,Review_Rating
1001,Male,22.0,M,Clothing,45.0,4.2
1002,Female,25.0,L,Accessories,80.0,3.8
1003,,,S,,35.0,
1004,Male,31.0,,Footwear,60.0,4.5
1005,Female,28.0,M,Clothing,,3.9
1006,Female,35.0,XL,Clothing,95.0,4.1
1007,Male,24.0,L,Accessories,50.0,3.5
1008,,,M,,72.0,
1009,Female,29.0,,Footwear,40.0,4.0
1010,Male,42.0,S,Clothing,88.0,4.6
1011,Male,27.0,M,Clothing,55.0,3.7
1012,Female,33.0,L,Accessories,,4.2
1013,Male,,XL,Footwear,67.0,3.9
1014,Female,21.0,S,Clothing,30.0,4.4
1015,,38.0,M,Accessories,75.0,
1016,Male,26.0,,Clothing,48.0,3.8
1017,Female,30.0,L,,90.0,4.1
1018,Male,45.0,XL,Footwear,52.0,3.6
1019,Female,24.0,S,Clothing,,4.3
1020,Male,,M,Accessories,65.0,
